{"cameraMode":{"drawMode":0,"name":"Shaded","section":"Shading Mode"},"sceneLighting":false,"audioPlay":false,"sceneViewState":{"m_AlwaysRefresh":false,"showFog":true,"showSkybox":false,"showFlares":true,"showImageEffects":true,"showParticleSystems":true,"showVisualEffectGraphs":true,"m_FxEnabled":true},"in2DMode":false,"pivot":{"x":0.019224798306822778,"y":0.8865445256233215,"z":-0.017803654074668886},"rotation":{"x":0.1321936547756195,"y":0.8511248826980591,"z":-0.256606787443161,"w":0.43858253955841067},"size":2.6372432708740236,"orthographic":false}