{"cameraMode":{"drawMode":0,"name":"Shaded","section":"Shading Mode"},"sceneLighting":true,"audioPlay":false,"sceneViewState":{"m_AlwaysRefresh":false,"showFog":true,"showSkybox":true,"showFlares":true,"showImageEffects":true,"showParticleSystems":true,"showVisualEffectGraphs":true,"m_FxEnabled":true},"in2DMode":false,"pivot":{"x":-10.085844039916993,"y":4.76837158203125e-7,"z":69.98907470703125},"rotation":{"x":-0.014191550202667714,"y":-0.9712388515472412,"z":0.23028962314128877,"w":-0.060070864856243137},"size":8.069263458251954,"orthographic":false}